"","x"
"BTC","list(opening_price = ""50200000"", closing_price = ""50573000"", min_price = ""49920000"", max_price = ""51200000"", units_traded = ""1738.64451268"", acc_trade_value = ""88258973170.6152"", prev_closing_price = ""50185000"", units_traded_24H = ""4019.03748393"", acc_trade_value_24H = ""202794452284.0571"", fluctate_24H = ""535000"", fluctate_rate_24H = ""1.07"")"
"ETH","list(opening_price = ""3678000"", closing_price = ""3733000"", min_price = ""3659000"", max_price = ""3779000"", units_traded = ""11592.56450299"", acc_trade_value = ""43337046962.9788"", prev_closing_price = ""3683000"", units_traded_24H = ""25797.75367137"", acc_trade_value_24H = ""95817698314.5992"", fluctate_24H = ""55000"", fluctate_rate_24H = ""1.5"")"
"LTC","list(opening_price = ""129400"", closing_price = ""130900"", min_price = ""128600"", max_price = ""132900"", units_traded = ""7659.50586891"", acc_trade_value = ""1003667768.7283"", prev_closing_price = ""129800"", units_traded_24H = ""12080.69385005"", acc_trade_value_24H = ""1574466112.7671"", fluctate_24H = ""3300"", fluctate_rate_24H = ""2.59"")"
"ETC","list(opening_price = ""39430"", closing_price = ""39830"", min_price = ""39250"", max_price = ""40180"", units_traded = ""621501.66889684"", acc_trade_value = ""24731472823.0509"", prev_closing_price = ""39480"", units_traded_24H = ""1533496.22647549"", acc_trade_value_24H = ""60909659797.5427"", fluctate_24H = ""90"", fluctate_rate_24H = ""0.23"")"
"XRP","list(opening_price = ""818.4"", closing_price = ""819.2"", min_price = ""811.1"", max_price = ""825"", units_traded = ""37362278.49297727"", acc_trade_value = ""30654834691.2321"", prev_closing_price = ""818.4"", units_traded_24H = ""104298474.26027453"", acc_trade_value_24H = ""85864571664.7513"", fluctate_24H = ""-9.3"", fluctate_rate_24H = ""-1.12"")"
"BCH","list(opening_price = ""392800"", closing_price = ""389000"", min_price = ""387400"", max_price = ""397600"", units_traded = ""1822.28935248"", acc_trade_value = ""716706850.7073"", prev_closing_price = ""392300"", units_traded_24H = ""4931.39206884"", acc_trade_value_24H = ""1926384393.5258"", fluctate_24H = ""-2600"", fluctate_rate_24H = ""-0.66"")"
"QTUM","list(opening_price = ""7710"", closing_price = ""7815"", min_price = ""7670"", max_price = ""7845"", units_traded = ""84237.51051559"", acc_trade_value = ""650446017.2714"", prev_closing_price = ""7720"", units_traded_24H = ""190163.83615461"", acc_trade_value_24H = ""1478176719.6531"", fluctate_24H = ""55"", fluctate_rate_24H = ""0.71"")"
"BTG","list(opening_price = ""39840"", closing_price = ""39900"", min_price = ""39380"", max_price = ""40200"", units_traded = ""2429.2201099"", acc_trade_value = ""96707256.458"", prev_closing_price = ""39550"", units_traded_24H = ""7664.93604237"", acc_trade_value_24H = ""305657971.3509"", fluctate_24H = ""-440"", fluctate_rate_24H = ""-1.09"")"
"EOS","list(opening_price = ""2944"", closing_price = ""2986"", min_price = ""2910"", max_price = ""3014"", units_traded = ""513099.70722067"", acc_trade_value = ""1515182064.9498"", prev_closing_price = ""2947"", units_traded_24H = ""1842430.7874505"", acc_trade_value_24H = ""5380551492.9285"", fluctate_24H = ""102"", fluctate_rate_24H = ""3.54"")"
"ICX","list(opening_price = ""918.8"", closing_price = ""920.7"", min_price = ""910.9"", max_price = ""935.5"", units_traded = ""185663.07658057"", acc_trade_value = ""170810128.0572"", prev_closing_price = ""920"", units_traded_24H = ""510439.47038901"", acc_trade_value_24H = ""472803899.624"", fluctate_24H = ""-2.8"", fluctate_rate_24H = ""-0.30"")"
"TRX","list(opening_price = ""80.43"", closing_price = ""81.46"", min_price = ""80.13"", max_price = ""81.61"", units_traded = ""26898117.76948647"", acc_trade_value = ""2176857349.2281"", prev_closing_price = ""80.42"", units_traded_24H = ""100237854.86544083"", acc_trade_value_24H = ""8102778557.1772"", fluctate_24H = ""1.08"", fluctate_rate_24H = ""1.34"")"
"ELF","list(opening_price = ""396.1"", closing_price = ""399.9"", min_price = ""393.8"", max_price = ""404.8"", units_traded = ""284362.86189249"", acc_trade_value = ""113852684.6848"", prev_closing_price = ""393.6"", units_traded_24H = ""1237022.20381675"", acc_trade_value_24H = ""499301672.7307"", fluctate_24H = ""-4.4"", fluctate_rate_24H = ""-1.09"")"
"OMG","list(opening_price = ""5325"", closing_price = ""5285"", min_price = ""5270"", max_price = ""5540"", units_traded = ""21772.22474901"", acc_trade_value = ""118232753.0424"", prev_closing_price = ""5335"", units_traded_24H = ""44700.50454525"", acc_trade_value_24H = ""241726497.3739"", fluctate_24H = ""-40"", fluctate_rate_24H = ""-0.75"")"
"KNC","list(opening_price = ""6960"", closing_price = ""7185"", min_price = ""6900"", max_price = ""7275"", units_traded = ""348447.35399546"", acc_trade_value = ""2475791208.2221"", prev_closing_price = ""6955"", units_traded_24H = ""1028834.67545764"", acc_trade_value_24H = ""7193302559.9437"", fluctate_24H = ""150"", fluctate_rate_24H = ""2.13"")"
"GLM","list(opening_price = ""500.1"", closing_price = ""501.1"", min_price = ""497"", max_price = ""512.9"", units_traded = ""297557.79194916"", acc_trade_value = ""148953140.1038"", prev_closing_price = ""497.7"", units_traded_24H = ""490382.76505378"", acc_trade_value_24H = ""246352659.9849"", fluctate_24H = ""-5.5"", fluctate_rate_24H = ""-1.09"")"
"ZIL","list(opening_price = ""115.4"", closing_price = ""115.7"", min_price = ""114.3"", max_price = ""118.2"", units_traded = ""9820031.70190709"", acc_trade_value = ""1139067418.1185"", prev_closing_price = ""115.4"", units_traded_24H = ""25985801.49820956"", acc_trade_value_24H = ""3068223700.773"", fluctate_24H = ""-4.9"", fluctate_rate_24H = ""-4.06"")"
"WAXP","list(opening_price = ""317.4"", closing_price = ""317.6"", min_price = ""313.7"", max_price = ""325"", units_traded = ""630518.29979659"", acc_trade_value = ""201339607.6739"", prev_closing_price = ""316.4"", units_traded_24H = ""1225345.17604732"", acc_trade_value_24H = ""391021367.0119"", fluctate_24H = ""-0.9"", fluctate_rate_24H = ""-0.28"")"
"POWR","list(opening_price = ""604.8"", closing_price = ""608.7"", min_price = ""599.7"", max_price = ""610"", units_traded = ""400355.68563144"", acc_trade_value = ""242657431.3145"", prev_closing_price = ""601.7"", units_traded_24H = ""1243169.70598323"", acc_trade_value_24H = ""751850411.9281"", fluctate_24H = ""-2.9"", fluctate_rate_24H = ""-0.47"")"
"LRC","list(opening_price = ""1077"", closing_price = ""1063"", min_price = ""1061"", max_price = ""1090"", units_traded = ""97151.35615913"", acc_trade_value = ""104409855.2363"", prev_closing_price = ""1070"", units_traded_24H = ""247824.00549308"", acc_trade_value_24H = ""267410921.5319"", fluctate_24H = ""-28"", fluctate_rate_24H = ""-2.57"")"
"STEEM","list(opening_price = ""634.2"", closing_price = ""595.6"", min_price = ""582.5"", max_price = ""646.6"", units_traded = ""3772803.20894882"", acc_trade_value = ""2318998272.0607"", prev_closing_price = ""634.2"", units_traded_24H = ""15656556.3257194"", acc_trade_value_24H = ""10244166876.6671"", fluctate_24H = ""-123.6"", fluctate_rate_24H = ""-17.19"")"
"STRAX","list(opening_price = ""1273"", closing_price = ""1273"", min_price = ""1268"", max_price = ""1291"", units_traded = ""67085.57869401"", acc_trade_value = ""85776195.0212"", prev_closing_price = ""1272"", units_traded_24H = ""130076.56857957"", acc_trade_value_24H = ""166758827.4352"", fluctate_24H = ""-25"", fluctate_rate_24H = ""-1.93"")"
"ZRX","list(opening_price = ""1082"", closing_price = ""1033"", min_price = ""1021"", max_price = ""1107"", units_traded = ""641991.91769293"", acc_trade_value = ""673966982.6646"", prev_closing_price = ""1083"", units_traded_24H = ""2380532.42315215"", acc_trade_value_24H = ""2657072760.3721"", fluctate_24H = ""-83"", fluctate_rate_24H = ""-7.44"")"
"REP","list(opening_price = ""16860"", closing_price = ""17450"", min_price = ""16860"", max_price = ""17880"", units_traded = ""11840.21063017"", acc_trade_value = ""205136804.0209"", prev_closing_price = ""16900"", units_traded_24H = ""20249.97099576"", acc_trade_value_24H = ""346692942.7349"", fluctate_24H = ""680"", fluctate_rate_24H = ""4.05"")"
"XEM","list(opening_price = ""117.9"", closing_price = ""119.5"", min_price = ""116.7"", max_price = ""120.8"", units_traded = ""1912827.88619918"", acc_trade_value = ""228729466.0868"", prev_closing_price = ""117"", units_traded_24H = ""4052038.84962649"", acc_trade_value_24H = ""480060830.1988"", fluctate_24H = ""2.6"", fluctate_rate_24H = ""2.22"")"
"SNT","list(opening_price = ""75.78"", closing_price = ""76.2"", min_price = ""75.1"", max_price = ""76.68"", units_traded = ""660694.65972253"", acc_trade_value = ""50139239.8094"", prev_closing_price = ""75.05"", units_traded_24H = ""1918036.75152358"", acc_trade_value_24H = ""145610655.6257"", fluctate_24H = ""-0.29"", fluctate_rate_24H = ""-0.38"")"
"ADA","list(opening_price = ""1070"", closing_price = ""1072"", min_price = ""1058"", max_price = ""1085"", units_traded = ""883114.80821928"", acc_trade_value = ""949317789.6556"", prev_closing_price = ""1068"", units_traded_24H = ""2498009.68553009"", acc_trade_value_24H = ""2677031016.3305"", fluctate_24H = ""4"", fluctate_rate_24H = ""0.37"")"
"CTXC","list(opening_price = ""301.5"", closing_price = ""304"", min_price = ""300.4"", max_price = ""314.2"", units_traded = ""617211.63767897"", acc_trade_value = ""189071507.4048"", prev_closing_price = ""302.2"", units_traded_24H = ""1527961.63667897"", acc_trade_value_24H = ""464277696.4778"", fluctate_24H = ""-0.1"", fluctate_rate_24H = ""-0.03"")"
"BAT","list(opening_price = ""841.6"", closing_price = ""839.3"", min_price = ""833.9"", max_price = ""852.6"", units_traded = ""211554.21846888"", acc_trade_value = ""178545017.1101"", prev_closing_price = ""841.9"", units_traded_24H = ""649211.82951335"", acc_trade_value_24H = ""548921524.7236"", fluctate_24H = ""-9.5"", fluctate_rate_24H = ""-1.12"")"
"WTC","list(opening_price = ""532.5"", closing_price = ""505.1"", min_price = ""490"", max_price = ""535.8"", units_traded = ""534971.27234514"", acc_trade_value = ""273704582.3084"", prev_closing_price = ""536"", units_traded_24H = ""1338174.03546069"", acc_trade_value_24H = ""697438311.1662"", fluctate_24H = ""-15.5"", fluctate_rate_24H = ""-2.98"")"
"THETA","list(opening_price = ""3521"", closing_price = ""3522"", min_price = ""3456"", max_price = ""3581"", units_traded = ""68011.50954422"", acc_trade_value = ""239366669.9245"", prev_closing_price = ""3510"", units_traded_24H = ""198764.13098306"", acc_trade_value_24H = ""703994488.4469"", fluctate_24H = ""-36"", fluctate_rate_24H = ""-1.01"")"
"LOOM","list(opening_price = ""103.7"", closing_price = ""102.6"", min_price = ""102.3"", max_price = ""105.1"", units_traded = ""451482.81690924"", acc_trade_value = ""46741615.8928"", prev_closing_price = ""103.4"", units_traded_24H = ""1312932.44850499"", acc_trade_value_24H = ""135828506.5288"", fluctate_24H = ""-1.1"", fluctate_rate_24H = ""-1.06"")"
"WAVES","list(opening_price = ""20000"", closing_price = ""19590"", min_price = ""19400"", max_price = ""20300"", units_traded = ""59673.33208571"", acc_trade_value = ""1182160020.881"", prev_closing_price = ""20070"", units_traded_24H = ""222590.1234959"", acc_trade_value_24H = ""4574373589.7871"", fluctate_24H = ""-1140"", fluctate_rate_24H = ""-5.5"")"
"LINK","list(opening_price = ""16040"", closing_price = ""16120"", min_price = ""15880"", max_price = ""16340"", units_traded = ""35209.65864939"", acc_trade_value = ""568493366.6059"", prev_closing_price = ""16040"", units_traded_24H = ""87599.81567318"", acc_trade_value_24H = ""1415626252.0509"", fluctate_24H = ""-100"", fluctate_rate_24H = ""-0.62"")"
"ENJ","list(opening_price = ""1640"", closing_price = ""1649"", min_price = ""1625"", max_price = ""1665"", units_traded = ""152447.2044657"", acc_trade_value = ""251352785.0853"", prev_closing_price = ""1641"", units_traded_24H = ""508453.75375237"", acc_trade_value_24H = ""839490237.8429"", fluctate_24H = ""-11"", fluctate_rate_24H = ""-0.66"")"
"VET","list(opening_price = ""65.53"", closing_price = ""65.7"", min_price = ""64.22"", max_price = ""66.71"", units_traded = ""32701420.43435721"", acc_trade_value = ""2129450405.462"", prev_closing_price = ""65.7"", units_traded_24H = ""52134934.95621496"", acc_trade_value_24H = ""3410492260.921"", fluctate_24H = ""-0.3"", fluctate_rate_24H = ""-0.45"")"
"MTL","list(opening_price = ""3263"", closing_price = ""3398"", min_price = ""3233"", max_price = ""3540"", units_traded = ""681518.60489083"", acc_trade_value = ""2309103353.2714"", prev_closing_price = ""3264"", units_traded_24H = ""1198354.84107266"", acc_trade_value_24H = ""4041823228.2361"", fluctate_24H = ""36"", fluctate_rate_24H = ""1.07"")"
"IOST","list(opening_price = ""34.2"", closing_price = ""34.31"", min_price = ""33.77"", max_price = ""35.04"", units_traded = ""4479427.25061726"", acc_trade_value = ""155123264.6114"", prev_closing_price = ""34.12"", units_traded_24H = ""13393883.76055079"", acc_trade_value_24H = ""464176531.0311"", fluctate_24H = ""-0.72"", fluctate_rate_24H = ""-2.06"")"
"TMTG","list(opening_price = ""3.286"", closing_price = ""3.33"", min_price = ""3.264"", max_price = ""3.407"", units_traded = ""18782333.61513902"", acc_trade_value = ""62929027.2749"", prev_closing_price = ""3.286"", units_traded_24H = ""31539084.3755136"", acc_trade_value_24H = ""104657952.0966"", fluctate_24H = ""0.002"", fluctate_rate_24H = ""0.06"")"
"QKC","list(opening_price = ""24.88"", closing_price = ""25.21"", min_price = ""24.84"", max_price = ""25.68"", units_traded = ""2058785.36147855"", acc_trade_value = ""51978803.1765"", prev_closing_price = ""24.91"", units_traded_24H = ""6331199.09961655"", acc_trade_value_24H = ""158671343.1159"", fluctate_24H = ""0.16"", fluctate_rate_24H = ""0.64"")"
"ATOLO","list(opening_price = ""39.98"", closing_price = ""39"", min_price = ""39"", max_price = ""40.43"", units_traded = ""1018095.27972525"", acc_trade_value = ""40395613.1539"", prev_closing_price = ""39.98"", units_traded_24H = ""4892182.37219558"", acc_trade_value_24H = ""195857864.0419"", fluctate_24H = ""-1"", fluctate_rate_24H = ""-2.50"")"
"AMO","list(opening_price = ""2.82"", closing_price = ""2.81"", min_price = ""2.762"", max_price = ""2.841"", units_traded = ""123488470.03106019"", acc_trade_value = ""345398193.9713"", prev_closing_price = ""2.839"", units_traded_24H = ""234016354.78997157"", acc_trade_value_24H = ""659070176.6999"", fluctate_24H = ""-0.028"", fluctate_rate_24H = ""-0.99"")"
"BSV","list(opening_price = ""99550"", closing_price = ""99650"", min_price = ""98850"", max_price = ""100700"", units_traded = ""629.9907952"", acc_trade_value = ""62971718.789"", prev_closing_price = ""99400"", units_traded_24H = ""1814.5754952"", acc_trade_value_24H = ""180907979.939"", fluctate_24H = ""800"", fluctate_rate_24H = ""0.81"")"
"ORBS","list(opening_price = ""99.9"", closing_price = ""99.25"", min_price = ""98.7"", max_price = ""101"", units_traded = ""639160.29737604"", acc_trade_value = ""63775840.925"", prev_closing_price = ""99.75"", units_traded_24H = ""3651290.8288305"", acc_trade_value_24H = ""365529837.5646"", fluctate_24H = ""-2.65"", fluctate_rate_24H = ""-2.60"")"
"TFUEL","list(opening_price = ""193.1"", closing_price = ""195.1"", min_price = ""191.5"", max_price = ""196.5"", units_traded = ""517482.0602"", acc_trade_value = ""100656715.59"", prev_closing_price = ""193"", units_traded_24H = ""1742547.44962319"", acc_trade_value_24H = ""336861115.8812"", fluctate_24H = ""1.8"", fluctate_rate_24H = ""0.93"")"
"VALOR","list(opening_price = ""582.3"", closing_price = ""581.3"", min_price = ""574"", max_price = ""585.9"", units_traded = ""55668.49545227"", acc_trade_value = ""32281458.2209"", prev_closing_price = ""582.8"", units_traded_24H = ""279068.10382729"", acc_trade_value_24H = ""161027936.7062"", fluctate_24H = ""-15.6"", fluctate_rate_24H = ""-2.61"")"
"CON","list(opening_price = ""25.73"", closing_price = ""26.87"", min_price = ""25.57"", max_price = ""27.7"", units_traded = ""54812293.62970375"", acc_trade_value = ""1471287139.6308"", prev_closing_price = ""25.78"", units_traded_24H = ""107057909.58953676"", acc_trade_value_24H = ""2854022500.6873"", fluctate_24H = ""0.45"", fluctate_rate_24H = ""1.70"")"
"ANKR","list(opening_price = ""88.75"", closing_price = ""89.13"", min_price = ""88"", max_price = ""91.97"", units_traded = ""2437715.55567671"", acc_trade_value = ""219020979.898"", prev_closing_price = ""88.21"", units_traded_24H = ""4167804.13382205"", acc_trade_value_24H = ""373314459.5451"", fluctate_24H = ""-0.1"", fluctate_rate_24H = ""-0.11"")"
"MIX","list(opening_price = ""10.82"", closing_price = ""10.98"", min_price = ""10.6"", max_price = ""11.05"", units_traded = ""14832789.70338486"", acc_trade_value = ""160836409.2639"", prev_closing_price = ""10.84"", units_traded_24H = ""44651479.17317721"", acc_trade_value_24H = ""487191565.5173"", fluctate_24H = ""0.09"", fluctate_rate_24H = ""0.83"")"
"CRO","list(opening_price = ""497.7"", closing_price = ""496.5"", min_price = ""490.2"", max_price = ""498.8"", units_traded = ""27054.92403959"", acc_trade_value = ""13431197.1906"", prev_closing_price = ""495.1"", units_traded_24H = ""68355.44313887"", acc_trade_value_24H = ""33894895.7654"", fluctate_24H = ""5.5"", fluctate_rate_24H = ""1.12"")"
"FX","list(opening_price = ""591.6"", closing_price = ""596.8"", min_price = ""590.1"", max_price = ""598.6"", units_traded = ""18028.72728056"", acc_trade_value = ""10696292.6133"", prev_closing_price = ""592.5"", units_traded_24H = ""89623.4503131"", acc_trade_value_24H = ""53210375.3621"", fluctate_24H = ""0.2"", fluctate_rate_24H = ""0.03"")"
"CHR","list(opening_price = ""542.3"", closing_price = ""542.7"", min_price = ""516.2"", max_price = ""556.8"", units_traded = ""1023260.63656656"", acc_trade_value = ""547965005.177"", prev_closing_price = ""539.8"", units_traded_24H = ""4678392.56519791"", acc_trade_value_24H = ""2522366446.1728"", fluctate_24H = ""50"", fluctate_rate_24H = ""10.15"")"
"MBL","list(opening_price = ""12.2"", closing_price = ""13.37"", min_price = ""11.96"", max_price = ""13.75"", units_traded = ""241295520.91765648"", acc_trade_value = ""3093867361.4374"", prev_closing_price = ""12.2"", units_traded_24H = ""672960931.70387114"", acc_trade_value_24H = ""8372505748.1882"", fluctate_24H = ""2.1"", fluctate_rate_24H = ""18.63"")"
"MXC","list(opening_price = ""133.4"", closing_price = ""137"", min_price = ""133.1"", max_price = ""139.1"", units_traded = ""510713.24845794"", acc_trade_value = ""70131238.4009"", prev_closing_price = ""132.5"", units_traded_24H = ""628027.40895408"", acc_trade_value_24H = ""85659362.6351"", fluctate_24H = ""4.8"", fluctate_rate_24H = ""3.63"")"
"FCT2","list(opening_price = ""157.7"", closing_price = ""157.7"", min_price = ""153.4"", max_price = ""158.1"", units_traded = ""607859.40897361"", acc_trade_value = ""94323998.4473"", prev_closing_price = ""157.7"", units_traded_24H = ""1421029.17022415"", acc_trade_value_24H = ""222743488.6229"", fluctate_24H = ""5.5"", fluctate_rate_24H = ""3.61"")"
"TRV","list(opening_price = ""23.4"", closing_price = ""22.31"", min_price = ""22.1"", max_price = ""25.99"", units_traded = ""62451342.83433573"", acc_trade_value = ""1507912453.2749"", prev_closing_price = ""23.4"", units_traded_24H = ""105520822.72547042"", acc_trade_value_24H = ""2504211065.3798"", fluctate_24H = ""-0.69"", fluctate_rate_24H = ""-3.00"")"
"DAD","list(opening_price = ""158.7"", closing_price = ""158.7"", min_price = ""157.4"", max_price = ""159.4"", units_traded = ""89326.0665"", acc_trade_value = ""14164203.934"", prev_closing_price = ""158.7"", units_traded_24H = ""313615.58154473"", acc_trade_value_24H = ""49473142.5345"", fluctate_24H = ""0"", fluctate_rate_24H = ""0.00"")"
"WOM","list(opening_price = ""120.3"", closing_price = ""116.8"", min_price = ""111.8"", max_price = ""122.5"", units_traded = ""1772035.94223432"", acc_trade_value = ""203884009.3917"", prev_closing_price = ""120.3"", units_traded_24H = ""2209844.43347119"", acc_trade_value_24H = ""257145998.1376"", fluctate_24H = ""-2.6"", fluctate_rate_24H = ""-2.18"")"
"SOC","list(opening_price = ""11.89"", closing_price = ""11.84"", min_price = ""11.74"", max_price = ""11.95"", units_traded = ""3683835.80691764"", acc_trade_value = ""43709802.5739"", prev_closing_price = ""11.89"", units_traded_24H = ""16204266.49887253"", acc_trade_value_24H = ""193162273.0302"", fluctate_24H = ""-0.2"", fluctate_rate_24H = ""-1.66"")"
"BOA","list(opening_price = ""114.8"", closing_price = ""115.7"", min_price = ""114"", max_price = ""124.1"", units_traded = ""2065319.9177822"", acc_trade_value = ""243899385.9781"", prev_closing_price = ""114.5"", units_traded_24H = ""5479052.1177369"", acc_trade_value_24H = ""646151930.995"", fluctate_24H = ""-1.4"", fluctate_rate_24H = ""-1.2"")"
"MEV","list(opening_price = ""27.97"", closing_price = ""27.96"", min_price = ""27.71"", max_price = ""28"", units_traded = ""1156992.50788993"", acc_trade_value = ""32196112.9163"", prev_closing_price = ""27.99"", units_traded_24H = ""2998911.61397631"", acc_trade_value_24H = ""83525307.3438"", fluctate_24H = ""-0.03"", fluctate_rate_24H = ""-0.11"")"
"SXP","list(opening_price = ""1422"", closing_price = ""1425"", min_price = ""1409"", max_price = ""1445"", units_traded = ""38567.98798983"", acc_trade_value = ""54967200.4196"", prev_closing_price = ""1422"", units_traded_24H = ""228632.30834065"", acc_trade_value_24H = ""325759313.3919"", fluctate_24H = ""6"", fluctate_rate_24H = ""0.42"")"
"COS","list(opening_price = ""18.25"", closing_price = ""18.47"", min_price = ""18.14"", max_price = ""18.82"", units_traded = ""3123773.9462759"", acc_trade_value = ""58046320.3314"", prev_closing_price = ""18.22"", units_traded_24H = ""17836263.4296759"", acc_trade_value_24H = ""331316483.4153"", fluctate_24H = ""0.34"", fluctate_rate_24H = ""1.88"")"
"APIX","list(opening_price = ""58.42"", closing_price = ""58"", min_price = ""57.5"", max_price = ""60"", units_traded = ""6825987.69063443"", acc_trade_value = ""396252576.2683"", prev_closing_price = ""57.98"", units_traded_24H = ""8349499.31170928"", acc_trade_value_24H = ""484719834.3946"", fluctate_24H = ""-0.42"", fluctate_rate_24H = ""-0.72"")"
"EL","list(opening_price = ""7.58"", closing_price = ""7.518"", min_price = ""7.41"", max_price = ""7.633"", units_traded = ""1520952.79073355"", acc_trade_value = ""11412414.3689"", prev_closing_price = ""7.61"", units_traded_24H = ""8115636.79363807"", acc_trade_value_24H = ""61357496.8959"", fluctate_24H = ""0.044"", fluctate_rate_24H = ""0.59"")"
"BASIC","list(opening_price = ""5.008"", closing_price = ""5.011"", min_price = ""4.955"", max_price = ""5.128"", units_traded = ""5168350.00506913"", acc_trade_value = ""26026951.0321"", prev_closing_price = ""5.008"", units_traded_24H = ""19618464.6286247"", acc_trade_value_24H = ""98865898.0599"", fluctate_24H = ""-0.019"", fluctate_rate_24H = ""-0.38"")"
"HIVE","list(opening_price = ""1128"", closing_price = ""1132"", min_price = ""1116"", max_price = ""1167"", units_traded = ""293321.23825659"", acc_trade_value = ""335214863.1273"", prev_closing_price = ""1126"", units_traded_24H = ""792251.89711358"", acc_trade_value_24H = ""903499743.1773"", fluctate_24H = ""-12"", fluctate_rate_24H = ""-1.05"")"
"XPR","list(opening_price = ""10.64"", closing_price = ""10.59"", min_price = ""10.44"", max_price = ""10.73"", units_traded = ""9061091.20274651"", acc_trade_value = ""95551179.2413"", prev_closing_price = ""10.71"", units_traded_24H = ""24372877.48765779"", acc_trade_value_24H = ""263528326.0695"", fluctate_24H = ""-0.64"", fluctate_rate_24H = ""-5.7"")"
"VRA","list(opening_price = ""21.86"", closing_price = ""21.87"", min_price = ""21.4"", max_price = ""24"", units_traded = ""5656620.50056003"", acc_trade_value = ""124741563.4021"", prev_closing_price = ""21.81"", units_traded_24H = ""9866538.39349737"", acc_trade_value_24H = ""216965595.8854"", fluctate_24H = ""-0.15"", fluctate_rate_24H = ""-0.68"")"
"FIT","list(opening_price = ""2.294"", closing_price = ""2.287"", min_price = ""2.255"", max_price = ""2.299"", units_traded = ""24043806.06290108"", acc_trade_value = ""54710091.9876"", prev_closing_price = ""2.296"", units_traded_24H = ""95023113.14483562"", acc_trade_value_24H = ""216681986.7327"", fluctate_24H = ""0.001"", fluctate_rate_24H = ""0.04"")"
"EGG","list(opening_price = ""39.3"", closing_price = ""39.79"", min_price = ""38.8"", max_price = ""41"", units_traded = ""9630321.04392764"", acc_trade_value = ""383224111.0762"", prev_closing_price = ""39.31"", units_traded_24H = ""36080705.76561724"", acc_trade_value_24H = ""1441473529.9848"", fluctate_24H = ""-0.41"", fluctate_rate_24H = ""-1.02"")"
"BORA","list(opening_price = ""904"", closing_price = ""909.6"", min_price = ""899.3"", max_price = ""911.5"", units_traded = ""1142367.34232784"", acc_trade_value = ""1035672779.7268"", prev_closing_price = ""904"", units_traded_24H = ""3845181.87154294"", acc_trade_value_24H = ""3492713053.3479"", fluctate_24H = ""-9.8"", fluctate_rate_24H = ""-1.07"")"
"ARPA","list(opening_price = ""79.03"", closing_price = ""78.58"", min_price = ""78.14"", max_price = ""79.9"", units_traded = ""16318.03357691"", acc_trade_value = ""1289897.6613"", prev_closing_price = ""79.13"", units_traded_24H = ""302998.06020059"", acc_trade_value_24H = ""23965385.9956"", fluctate_24H = ""-0.63"", fluctate_rate_24H = ""-0.8"")"
"CTC","list(opening_price = ""1166"", closing_price = ""1154"", min_price = ""1151"", max_price = ""1250"", units_traded = ""1925997.08896829"", acc_trade_value = ""2303522530.3882"", prev_closing_price = ""1166"", units_traded_24H = ""5090182.92339784"", acc_trade_value_24H = ""6037538602.1746"", fluctate_24H = ""-37"", fluctate_rate_24H = ""-3.11"")"
"APM","list(opening_price = ""40.6"", closing_price = ""40.88"", min_price = ""40.05"", max_price = ""43.98"", units_traded = ""20739720.98334839"", acc_trade_value = ""853255764.8067"", prev_closing_price = ""40.61"", units_traded_24H = ""48914505.39900888"", acc_trade_value_24H = ""2015966728.7911"", fluctate_24H = ""-1.12"", fluctate_rate_24H = ""-2.67"")"
"CKB","list(opening_price = ""12.72"", closing_price = ""12.83"", min_price = ""12.62"", max_price = ""13.28"", units_traded = ""7629314.36320787"", acc_trade_value = ""97578178.3052"", prev_closing_price = ""12.77"", units_traded_24H = ""19437850.30006099"", acc_trade_value_24H = ""247605006.2498"", fluctate_24H = ""0.06"", fluctate_rate_24H = ""0.47"")"
"AERGO","list(opening_price = ""302.7"", closing_price = ""305.9"", min_price = ""300.3"", max_price = ""314"", units_traded = ""1657899.80053403"", acc_trade_value = ""507766673.383"", prev_closing_price = ""302.9"", units_traded_24H = ""8164518.45939505"", acc_trade_value_24H = ""2517866208.9195"", fluctate_24H = ""3.2"", fluctate_rate_24H = ""1.06"")"
"ANW","list(opening_price = ""32.23"", closing_price = ""31.79"", min_price = ""31.7"", max_price = ""32.52"", units_traded = ""3415743.52942231"", acc_trade_value = ""109751717.3965"", prev_closing_price = ""32.23"", units_traded_24H = ""7807444.4768104"", acc_trade_value_24H = ""250575669.6494"", fluctate_24H = ""-0.31"", fluctate_rate_24H = ""-0.97"")"
"CENNZ","list(opening_price = ""119.3"", closing_price = ""120.3"", min_price = ""118.8"", max_price = ""123.3"", units_traded = ""198339.15801923"", acc_trade_value = ""24114727.3442"", prev_closing_price = ""120"", units_traded_24H = ""1431637.52603238"", acc_trade_value_24H = ""172521792.414"", fluctate_24H = ""1.1"", fluctate_rate_24H = ""0.92"")"
"EVZ","list(opening_price = ""64.96"", closing_price = ""64.45"", min_price = ""63.6"", max_price = ""65"", units_traded = ""564927.10189061"", acc_trade_value = ""36441466.6102"", prev_closing_price = ""64.97"", units_traded_24H = ""1971157.55006863"", acc_trade_value_24H = ""126518233.4625"", fluctate_24H = ""0.48"", fluctate_rate_24H = ""0.75"")"
"CYCLUB","list(opening_price = ""15.24"", closing_price = ""14.84"", min_price = ""14.6"", max_price = ""15.28"", units_traded = ""19432876.99930183"", acc_trade_value = ""289832785.4537"", prev_closing_price = ""15.25"", units_traded_24H = ""68864839.34643264"", acc_trade_value_24H = ""1051344947.016"", fluctate_24H = ""0.15"", fluctate_rate_24H = ""1.02"")"
"SRM","list(opening_price = ""2760"", closing_price = ""2750"", min_price = ""2721"", max_price = ""2801"", units_traded = ""83855.22482048"", acc_trade_value = ""230217084.7022"", prev_closing_price = ""2749"", units_traded_24H = ""332203.02756419"", acc_trade_value_24H = ""920730463.186"", fluctate_24H = ""23"", fluctate_rate_24H = ""0.84"")"
"QTCON","list(opening_price = ""6.928"", closing_price = ""6.911"", min_price = ""6.88"", max_price = ""7.133"", units_traded = ""33998578.71138746"", acc_trade_value = ""236548952.634"", prev_closing_price = ""6.928"", units_traded_24H = ""91248988.00793771"", acc_trade_value_24H = ""630099625.7217"", fluctate_24H = ""-0.082"", fluctate_rate_24H = ""-1.17"")"
"UNI","list(opening_price = ""10350"", closing_price = ""10430"", min_price = ""10270"", max_price = ""10540"", units_traded = ""6575.30115221"", acc_trade_value = ""68381927.5979"", prev_closing_price = ""10360"", units_traded_24H = ""16130.61650884"", acc_trade_value_24H = ""168310159.8319"", fluctate_24H = ""10"", fluctate_rate_24H = ""0.1"")"
"YFI","list(opening_price = ""22829000"", closing_price = ""22986000"", min_price = ""22500000"", max_price = ""23153000"", units_traded = ""25.00257579"", acc_trade_value = ""570497236.0999"", prev_closing_price = ""22801000"", units_traded_24H = ""58.89841897"", acc_trade_value_24H = ""1343788750.4999"", fluctate_24H = ""468000"", fluctate_rate_24H = ""2.08"")"
"UMA","list(opening_price = ""7150"", closing_price = ""7140"", min_price = ""7055"", max_price = ""7250"", units_traded = ""5953.21274276"", acc_trade_value = ""42484805.4839"", prev_closing_price = ""7140"", units_traded_24H = ""18716.22644441"", acc_trade_value_24H = ""133861250.8359"", fluctate_24H = ""-25"", fluctate_rate_24H = ""-0.35"")"
"AAVE","list(opening_price = ""213400"", closing_price = ""211900"", min_price = ""209600"", max_price = ""217100"", units_traded = ""1172.84938597"", acc_trade_value = ""249654709.3199"", prev_closing_price = ""214000"", units_traded_24H = ""2643.02952475"", acc_trade_value_24H = ""571803370.2099"", fluctate_24H = ""-5600"", fluctate_rate_24H = ""-2.57"")"
"COMP","list(opening_price = ""157200"", closing_price = ""155800"", min_price = ""154100"", max_price = ""158700"", units_traded = ""189.88386801"", acc_trade_value = ""29656858.2699"", prev_closing_price = ""156900"", units_traded_24H = ""721.60334588"", acc_trade_value_24H = ""113664607.9999"", fluctate_24H = ""-2400"", fluctate_rate_24H = ""-1.52"")"
"REN","list(opening_price = ""431.8"", closing_price = ""434.2"", min_price = ""423.9"", max_price = ""437.8"", units_traded = ""124754.3892542"", acc_trade_value = ""53901625.253"", prev_closing_price = ""427.3"", units_traded_24H = ""327717.3553542"", acc_trade_value_24H = ""141630189.5384"", fluctate_24H = ""-1"", fluctate_rate_24H = ""-0.23"")"
"BAL","list(opening_price = ""17900"", closing_price = ""17960"", min_price = ""17740"", max_price = ""18260"", units_traded = ""1173.9216677"", acc_trade_value = ""20996800.8019"", prev_closing_price = ""17830"", units_traded_24H = ""6911.62219487"", acc_trade_value_24H = ""125129843.5729"", fluctate_24H = ""-430"", fluctate_rate_24H = ""-2.34"")"
"RSR","list(opening_price = ""14.36"", closing_price = ""14.52"", min_price = ""14.25"", max_price = ""14.8"", units_traded = ""37423981.88976508"", acc_trade_value = ""543602684.7638"", prev_closing_price = ""14.32"", units_traded_24H = ""85112448.90037768"", acc_trade_value_24H = ""1235503796.6087"", fluctate_24H = ""0.11"", fluctate_rate_24H = ""0.76"")"
"NMR","list(opening_price = ""31990"", closing_price = ""31910"", min_price = ""31730"", max_price = ""32880"", units_traded = ""2189.07818737"", acc_trade_value = ""70399952.8639"", prev_closing_price = ""31980"", units_traded_24H = ""7159.44135081"", acc_trade_value_24H = ""228329463.9062"", fluctate_24H = ""120"", fluctate_rate_24H = ""0.38"")"
"RLC","list(opening_price = ""2279"", closing_price = ""2284"", min_price = ""2231"", max_price = ""2301"", units_traded = ""40257.51050458"", acc_trade_value = ""91430858.9565"", prev_closing_price = ""2276"", units_traded_24H = ""130729.4412995"", acc_trade_value_24H = ""297239044.0715"", fluctate_24H = ""3"", fluctate_rate_24H = ""0.13"")"
"UOS","list(opening_price = ""1086"", closing_price = ""1086"", min_price = ""1080"", max_price = ""1127"", units_traded = ""68330.9241518"", acc_trade_value = ""74701592.4676"", prev_closing_price = ""1089"", units_traded_24H = ""192800.0433098"", acc_trade_value_24H = ""211624471.855"", fluctate_24H = ""-10"", fluctate_rate_24H = ""-0.91"")"
"SAND","list(opening_price = ""3180"", closing_price = ""3197"", min_price = ""3149"", max_price = ""3257"", units_traded = ""717732.27440235"", acc_trade_value = ""2294728109.0022"", prev_closing_price = ""3179"", units_traded_24H = ""1881137.54952399"", acc_trade_value_24H = ""6039335085.4095"", fluctate_24H = ""-3"", fluctate_rate_24H = ""-0.09"")"
"GOM2","list(opening_price = ""48.1"", closing_price = ""47.75"", min_price = ""47.48"", max_price = ""48.38"", units_traded = ""1256992.18810767"", acc_trade_value = ""60262008.0465"", prev_closing_price = ""48.1"", units_traded_24H = ""8255865.10157818"", acc_trade_value_24H = ""392597852.5402"", fluctate_24H = ""0.34"", fluctate_rate_24H = ""0.72"")"
"RINGX","list(opening_price = ""33.89"", closing_price = ""34.08"", min_price = ""33.39"", max_price = ""34.51"", units_traded = ""1526189.59392045"", acc_trade_value = ""52056046.063"", prev_closing_price = ""33.89"", units_traded_24H = ""5879956.14552856"", acc_trade_value_24H = ""200453102.55"", fluctate_24H = ""-0.36"", fluctate_rate_24H = ""-1.05"")"
"BEL","list(opening_price = ""1000"", closing_price = ""1014"", min_price = ""988.6"", max_price = ""1023"", units_traded = ""33639.10073421"", acc_trade_value = ""33843900.4271"", prev_closing_price = ""998.9"", units_traded_24H = ""103112.38797989"", acc_trade_value_24H = ""103822603.4423"", fluctate_24H = ""13"", fluctate_rate_24H = ""1.3"")"
"OBSR","list(opening_price = ""4.064"", closing_price = ""4.178"", min_price = ""4.064"", max_price = ""4.287"", units_traded = ""8442349.73446975"", acc_trade_value = ""35448272.3634"", prev_closing_price = ""4.063"", units_traded_24H = ""15732790.1326248"", acc_trade_value_24H = ""65192028.8005"", fluctate_24H = ""0.1"", fluctate_rate_24H = ""2.45"")"
"ORC","list(opening_price = ""331.5"", closing_price = ""335.6"", min_price = ""328"", max_price = ""336.6"", units_traded = ""266501.81931409"", acc_trade_value = ""88784719.5398"", prev_closing_price = ""331"", units_traded_24H = ""1783390.74909324"", acc_trade_value_24H = ""602150963.4515"", fluctate_24H = ""7.6"", fluctate_rate_24H = ""2.32"")"
"POLA","list(opening_price = ""97.39"", closing_price = ""95.16"", min_price = ""95.11"", max_price = ""97.4"", units_traded = ""263999.1416"", acc_trade_value = ""25258760.6097"", prev_closing_price = ""97.39"", units_traded_24H = ""1064477.05727556"", acc_trade_value_24H = ""103999682.5423"", fluctate_24H = ""-1.69"", fluctate_rate_24H = ""-1.74"")"
"AWO","list(opening_price = ""95.7"", closing_price = ""91.6"", min_price = ""89.5"", max_price = ""99.85"", units_traded = ""12817538.8807846"", acc_trade_value = ""1199391050.2571"", prev_closing_price = ""95.71"", units_traded_24H = ""56604747.09771859"", acc_trade_value_24H = ""5378253430.2013"", fluctate_24H = ""3.4"", fluctate_rate_24H = ""3.85"")"
"ADP","list(opening_price = ""38.07"", closing_price = ""38.18"", min_price = ""37.62"", max_price = ""38.87"", units_traded = ""1782124.71558147"", acc_trade_value = ""67898858.8128"", prev_closing_price = ""38.43"", units_traded_24H = ""21334306.57911244"", acc_trade_value_24H = ""809682267.4413"", fluctate_24H = ""2.78"", fluctate_rate_24H = ""7.85"")"
"DVI","list(opening_price = ""424.3"", closing_price = ""429.6"", min_price = ""423.4"", max_price = ""439.9"", units_traded = ""386108.43653549"", acc_trade_value = ""166357925.411"", prev_closing_price = ""424.3"", units_traded_24H = ""1253865.71213683"", acc_trade_value_24H = ""538170273.5782"", fluctate_24H = ""0.5"", fluctate_rate_24H = ""0.12"")"
"GHX","list(opening_price = ""63"", closing_price = ""61.2"", min_price = ""61.2"", max_price = ""63.3"", units_traded = ""797876.51953824"", acc_trade_value = ""49090020.788"", prev_closing_price = ""63"", units_traded_24H = ""1839000.87266012"", acc_trade_value_24H = ""113577315.8976"", fluctate_24H = ""-1.12"", fluctate_rate_24H = ""-1.8"")"
"MIR","list(opening_price = ""1504"", closing_price = ""1491"", min_price = ""1489"", max_price = ""1517"", units_traded = ""105009.22604498"", acc_trade_value = ""157319110.5857"", prev_closing_price = ""1499"", units_traded_24H = ""339486.93704048"", acc_trade_value_24H = ""514324961.3824"", fluctate_24H = ""-54"", fluctate_rate_24H = ""-3.5"")"
"MVC","list(opening_price = ""16.67"", closing_price = ""16.72"", min_price = ""16.64"", max_price = ""16.93"", units_traded = ""9983947.40101288"", acc_trade_value = ""167658637.8162"", prev_closing_price = ""16.68"", units_traded_24H = ""28940842.76587801"", acc_trade_value_24H = ""482226966.1687"", fluctate_24H = ""0.12"", fluctate_rate_24H = ""0.72"")"
"BLY","list(opening_price = ""24.07"", closing_price = ""24.5"", min_price = ""23.57"", max_price = ""24.5"", units_traded = ""14643670.20592333"", acc_trade_value = ""350821353.1577"", prev_closing_price = ""24.09"", units_traded_24H = ""39796221.30844373"", acc_trade_value_24H = ""947723787.8633"", fluctate_24H = ""0.99"", fluctate_rate_24H = ""4.21"")"
"WOZX","list(opening_price = ""147.3"", closing_price = ""149.6"", min_price = ""146.2"", max_price = ""149.6"", units_traded = ""152432.19740483"", acc_trade_value = ""22600726.0718"", prev_closing_price = ""147"", units_traded_24H = ""684229.73099591"", acc_trade_value_24H = ""100152742.9879"", fluctate_24H = ""1.1"", fluctate_rate_24H = ""0.74"")"
"ANV","list(opening_price = ""584.7"", closing_price = ""607"", min_price = ""573"", max_price = ""607.9"", units_traded = ""232454.45954966"", acc_trade_value = ""136165928.3256"", prev_closing_price = ""581"", units_traded_24H = ""381518.36488814"", acc_trade_value_24H = ""223569981.0628"", fluctate_24H = ""16"", fluctate_rate_24H = ""2.71"")"
"GRT","list(opening_price = ""499.9"", closing_price = ""457.6"", min_price = ""455"", max_price = ""524.9"", units_traded = ""1695138.84824717"", acc_trade_value = ""814381721.5872"", prev_closing_price = ""501.5"", units_traded_24H = ""5584152.66233168"", acc_trade_value_24H = ""2742818291.7353"", fluctate_24H = ""-1.6"", fluctate_rate_24H = ""-0.35"")"
"MM","list(opening_price = ""440.5"", closing_price = ""461.4"", min_price = ""426"", max_price = ""461.5"", units_traded = ""1645658.77956699"", acc_trade_value = ""736225106.6448"", prev_closing_price = ""440.9"", units_traded_24H = ""5585410.90519778"", acc_trade_value_24H = ""2445140997.9309"", fluctate_24H = ""36.3"", fluctate_rate_24H = ""8.54"")"
"BIOT","list(opening_price = ""40.08"", closing_price = ""40.05"", min_price = ""39.79"", max_price = ""40.4"", units_traded = ""3367653.23855641"", acc_trade_value = ""134760352.4491"", prev_closing_price = ""40.05"", units_traded_24H = ""28839715.73550925"", acc_trade_value_24H = ""1163116930.4984"", fluctate_24H = ""-1.04"", fluctate_rate_24H = ""-2.53"")"
"XNO","list(opening_price = ""67.88"", closing_price = ""67.89"", min_price = ""67.46"", max_price = ""68.24"", units_traded = ""139901018.89911271"", acc_trade_value = ""9510062940.492"", prev_closing_price = ""67.92"", units_traded_24H = ""222546311.81329747"", acc_trade_value_24H = ""15082511064.1344"", fluctate_24H = ""0.74"", fluctate_rate_24H = ""1.10"")"
"SNX","list(opening_price = ""7085"", closing_price = ""7090"", min_price = ""6985"", max_price = ""7230"", units_traded = ""50277.97789272"", acc_trade_value = ""356708405.9649"", prev_closing_price = ""7090"", units_traded_24H = ""137124.31759831"", acc_trade_value_24H = ""983157820.6589"", fluctate_24H = ""-175"", fluctate_rate_24H = ""-2.41"")"
"SOFI","list(opening_price = ""228.1"", closing_price = ""217.8"", min_price = ""212.9"", max_price = ""243.8"", units_traded = ""3285804.3963138"", acc_trade_value = ""752752866.4379"", prev_closing_price = ""231.2"", units_traded_24H = ""6149768.555575"", acc_trade_value_24H = ""1403142063.6022"", fluctate_24H = ""-2.5"", fluctate_rate_24H = ""-1.13"")"
"COLA","list(opening_price = ""173"", closing_price = ""173.9"", min_price = ""172.1"", max_price = ""173.9"", units_traded = ""96096.73695646"", acc_trade_value = ""16600260.0835"", prev_closing_price = ""172.9"", units_traded_24H = ""315846.9276308"", acc_trade_value_24H = ""54495364.8791"", fluctate_24H = ""3.4"", fluctate_rate_24H = ""1.99"")"
"OXT","list(opening_price = ""279.9"", closing_price = ""282.5"", min_price = ""276.4"", max_price = ""296"", units_traded = ""184230.77398371"", acc_trade_value = ""52018553.057"", prev_closing_price = ""279.4"", units_traded_24H = ""384140.33267345"", acc_trade_value_24H = ""108053088.4634"", fluctate_24H = ""5"", fluctate_rate_24H = ""1.80"")"
"LINA","list(opening_price = ""29.56"", closing_price = ""29.78"", min_price = ""28.58"", max_price = ""30.12"", units_traded = ""4711298.22267674"", acc_trade_value = ""138744273.6736"", prev_closing_price = ""29.55"", units_traded_24H = ""17624767.19304223"", acc_trade_value_24H = ""516744932.6682"", fluctate_24H = ""0.97"", fluctate_rate_24H = ""3.37"")"
"MAP","list(opening_price = ""27.31"", closing_price = ""28.16"", min_price = ""27.04"", max_price = ""29.56"", units_traded = ""4754786.21396346"", acc_trade_value = ""133535145.4844"", prev_closing_price = ""27.31"", units_traded_24H = ""6831617.04664913"", acc_trade_value_24H = ""190562902.8527"", fluctate_24H = ""0.83"", fluctate_rate_24H = ""3.04"")"
"AQT","list(opening_price = ""3355"", closing_price = ""3286"", min_price = ""3260"", max_price = ""3387"", units_traded = ""38777.36568253"", acc_trade_value = ""128295189.2035"", prev_closing_price = ""3386"", units_traded_24H = ""465271.48901892"", acc_trade_value_24H = ""1588594451.461"", fluctate_24H = ""18"", fluctate_rate_24H = ""0.55"")"
"PLA","list(opening_price = ""1062"", closing_price = ""1057"", min_price = ""1056"", max_price = ""1076"", units_traded = ""63061.46972429"", acc_trade_value = ""67138373.3276"", prev_closing_price = ""1056"", units_traded_24H = ""145463.06692429"", acc_trade_value_24H = ""155326017.3015"", fluctate_24H = ""-13"", fluctate_rate_24H = ""-1.21"")"
"WIKEN","list(opening_price = ""23.36"", closing_price = ""23.25"", min_price = ""22.85"", max_price = ""23.75"", units_traded = ""3494182.17527051"", acc_trade_value = ""81170622.9028"", prev_closing_price = ""23.36"", units_traded_24H = ""14734509.8565481"", acc_trade_value_24H = ""339515230.6804"", fluctate_24H = ""0.07"", fluctate_rate_24H = ""0.30"")"
"CTSI","list(opening_price = ""391.5"", closing_price = ""394.5"", min_price = ""387.5"", max_price = ""396.9"", units_traded = ""13556.15526565"", acc_trade_value = ""5310051.3981"", prev_closing_price = ""391.2"", units_traded_24H = ""154964.21853886"", acc_trade_value_24H = ""61197107.0304"", fluctate_24H = ""5"", fluctate_rate_24H = ""1.28"")"
"MANA","list(opening_price = ""2314"", closing_price = ""2302"", min_price = ""2280"", max_price = ""2349"", units_traded = ""247237.59487137"", acc_trade_value = ""571593847.2092"", prev_closing_price = ""2317"", units_traded_24H = ""702979.777522"", acc_trade_value_24H = ""1636276974.5122"", fluctate_24H = ""-23"", fluctate_rate_24H = ""-0.99"")"
"LPT","list(opening_price = ""31500"", closing_price = ""31170"", min_price = ""31030"", max_price = ""31860"", units_traded = ""4227.1344"", acc_trade_value = ""133479371.875"", prev_closing_price = ""31410"", units_traded_24H = ""8073.42775554"", acc_trade_value_24H = ""254992047.1159"", fluctate_24H = ""-510"", fluctate_rate_24H = ""-1.61"")"
"MKR","list(opening_price = ""2105000"", closing_price = ""2107000"", min_price = ""2049000"", max_price = ""2129000"", units_traded = ""15.65080163"", acc_trade_value = ""32453018.1999"", prev_closing_price = ""2098000"", units_traded_24H = ""37.62493573"", acc_trade_value_24H = ""79049373.0999"", fluctate_24H = ""-20000"", fluctate_rate_24H = ""-0.94"")"
"SUSHI","list(opening_price = ""3824"", closing_price = ""3820"", min_price = ""3728"", max_price = ""3994"", units_traded = ""58464.47889894"", acc_trade_value = ""224130453.2842"", prev_closing_price = ""3792"", units_traded_24H = ""73428.93952287"", acc_trade_value_24H = ""280953791.0763"", fluctate_24H = ""-15"", fluctate_rate_24H = ""-0.39"")"
"ASM","list(opening_price = ""54.02"", closing_price = ""54.69"", min_price = ""54.02"", max_price = ""56.11"", units_traded = ""1155753.19771364"", acc_trade_value = ""63658408.6093"", prev_closing_price = ""54.02"", units_traded_24H = ""5955487.34218357"", acc_trade_value_24H = ""322447940.1649"", fluctate_24H = ""-0.33"", fluctate_rate_24H = ""-0.6"")"
"PUNDIX","list(opening_price = ""1082"", closing_price = ""1092"", min_price = ""1081"", max_price = ""1101"", units_traded = ""245501.39169247"", acc_trade_value = ""268104059.3343"", prev_closing_price = ""1083"", units_traded_24H = ""1115018.12983273"", acc_trade_value_24H = ""1226568262.2575"", fluctate_24H = ""5"", fluctate_rate_24H = ""0.46"")"
"CELR","list(opening_price = ""54.7"", closing_price = ""53.59"", min_price = ""53.45"", max_price = ""55"", units_traded = ""303876.65061062"", acc_trade_value = ""16442569.9963"", prev_closing_price = ""54.4"", units_traded_24H = ""1479292.64227939"", acc_trade_value_24H = ""81335846.7161"", fluctate_24H = ""-1.92"", fluctate_rate_24H = ""-3.46"")"
"CWD","list(opening_price = ""96.01"", closing_price = ""94.05"", min_price = ""94.05"", max_price = ""96.07"", units_traded = ""11951196.89025789"", acc_trade_value = ""1134565524.6935"", prev_closing_price = ""95.3"", units_traded_24H = ""14635831.95332813"", acc_trade_value_24H = ""1390967880.828"", fluctate_24H = ""-1.17"", fluctate_rate_24H = ""-1.23"")"
"ARW","list(opening_price = ""1182"", closing_price = ""1182"", min_price = ""1174"", max_price = ""1192"", units_traded = ""525686.6894"", acc_trade_value = ""621028926.7321"", prev_closing_price = ""1187"", units_traded_24H = ""1273151.76870006"", acc_trade_value_24H = ""1505555959.6726"", fluctate_24H = ""10"", fluctate_rate_24H = ""0.85"")"
"FRONT","list(opening_price = ""595"", closing_price = ""629.3"", min_price = ""587.5"", max_price = ""634.2"", units_traded = ""333463.58736123"", acc_trade_value = ""204791699.3546"", prev_closing_price = ""595"", units_traded_24H = ""591432.5985229"", acc_trade_value_24H = ""358025130.3269"", fluctate_24H = ""41.2"", fluctate_rate_24H = ""7.01"")"
"RLY","list(opening_price = ""183.8"", closing_price = ""203.6"", min_price = ""181.6"", max_price = ""219.8"", units_traded = ""7071997.8049693"", acc_trade_value = ""1436253010.5009"", prev_closing_price = ""183.2"", units_traded_24H = ""7350887.5099693"", acc_trade_value_24H = ""1487789072.1731"", fluctate_24H = ""18.4"", fluctate_rate_24H = ""9.94"")"
"OCEAN","list(opening_price = ""606.6"", closing_price = ""617.5"", min_price = ""601.4"", max_price = ""621.3"", units_traded = ""34075.80523192"", acc_trade_value = ""20885132.444"", prev_closing_price = ""603.4"", units_traded_24H = ""82239.5912171"", acc_trade_value_24H = ""50412698.5417"", fluctate_24H = ""8.1"", fluctate_rate_24H = ""1.33"")"
"BFC","list(opening_price = ""166.1"", closing_price = ""177"", min_price = ""166"", max_price = ""195"", units_traded = ""4865355.24631105"", acc_trade_value = ""895149351.3726"", prev_closing_price = ""168.5"", units_traded_24H = ""5582529.60868797"", acc_trade_value_24H = ""1017842917.7001"", fluctate_24H = ""6.4"", fluctate_rate_24H = ""3.75"")"
"ALICE","list(opening_price = ""7835"", closing_price = ""8060"", min_price = ""7755"", max_price = ""8110"", units_traded = ""24247.26597734"", acc_trade_value = ""192111052.9688"", prev_closing_price = ""7830"", units_traded_24H = ""58408.78745231"", acc_trade_value_24H = ""461800084.2444"", fluctate_24H = ""470"", fluctate_rate_24H = ""6.19"")"
"OGN","list(opening_price = ""672.4"", closing_price = ""656.8"", min_price = ""654.3"", max_price = ""680.9"", units_traded = ""164039.57115423"", acc_trade_value = ""108598302.3343"", prev_closing_price = ""670.2"", units_traded_24H = ""1135354.81591034"", acc_trade_value_24H = ""765518793.3557"", fluctate_24H = ""-28.6"", fluctate_rate_24H = ""-4.17"")"
"COTI","list(opening_price = ""275.7"", closing_price = ""278.8"", min_price = ""272.9"", max_price = ""282"", units_traded = ""168916.3086"", acc_trade_value = ""46756614.2306"", prev_closing_price = ""274.5"", units_traded_24H = ""667511.97141091"", acc_trade_value_24H = ""186613285.2379"", fluctate_24H = ""3.4"", fluctate_rate_24H = ""1.23"")"
"CAKE","list(opening_price = ""10250"", closing_price = ""10490"", min_price = ""10210"", max_price = ""10680"", units_traded = ""20161.54338987"", acc_trade_value = ""211425217.0979"", prev_closing_price = ""10290"", units_traded_24H = ""132636.67233235"", acc_trade_value_24H = ""1368661152.9841"", fluctate_24H = ""900"", fluctate_rate_24H = ""9.38"")"
"BNT","list(opening_price = ""2737"", closing_price = ""2739"", min_price = ""2717"", max_price = ""2888"", units_traded = ""43084.79154105"", acc_trade_value = ""120364201.4341"", prev_closing_price = ""2731"", units_traded_24H = ""64060.44649569"", acc_trade_value_24H = ""177488217.8878"", fluctate_24H = ""27"", fluctate_rate_24H = ""1"")"
"XVS","list(opening_price = ""12250"", closing_price = ""12300"", min_price = ""12130"", max_price = ""12520"", units_traded = ""15677.6227"", acc_trade_value = ""193439162.732"", prev_closing_price = ""12230"", units_traded_24H = ""36771.73113651"", acc_trade_value_24H = ""452533021.9169"", fluctate_24H = ""-70"", fluctate_rate_24H = ""-0.57"")"
"SWAP","list(opening_price = ""903.9"", closing_price = ""890"", min_price = ""890"", max_price = ""915"", units_traded = ""56212.1597"", acc_trade_value = ""50314731.2051"", prev_closing_price = ""914.7"", units_traded_24H = ""362172.9033748"", acc_trade_value_24H = ""324126223.3386"", fluctate_24H = ""-0.9"", fluctate_rate_24H = ""-0.10"")"
"CHZ","list(opening_price = ""258.7"", closing_price = ""258.6"", min_price = ""256.1"", max_price = ""262.4"", units_traded = ""651514.86237103"", acc_trade_value = ""168972802.1169"", prev_closing_price = ""258.5"", units_traded_24H = ""1715532.73848716"", acc_trade_value_24H = ""447529213.5481"", fluctate_24H = ""-4.4"", fluctate_rate_24H = ""-1.67"")"
"AXS","list(opening_price = ""48610"", closing_price = ""48450"", min_price = ""47930"", max_price = ""49250"", units_traded = ""11884.40048524"", acc_trade_value = ""576447277.6569"", prev_closing_price = ""48630"", units_traded_24H = ""30389.15038227"", acc_trade_value_24H = ""1488914343.7924"", fluctate_24H = ""-460"", fluctate_rate_24H = ""-0.94"")"
"DAO","list(opening_price = ""3749"", closing_price = ""3773"", min_price = ""3730"", max_price = ""3964"", units_traded = ""41619.65236589"", acc_trade_value = ""160104624.8671"", prev_closing_price = ""3780"", units_traded_24H = ""65677.72927967"", acc_trade_value_24H = ""248785271.757"", fluctate_24H = ""97"", fluctate_rate_24H = ""2.64"")"
"SIX","list(opening_price = ""222.7"", closing_price = ""210.3"", min_price = ""206.1"", max_price = ""225.7"", units_traded = ""137848161.32245732"", acc_trade_value = ""30288817910.9181"", prev_closing_price = ""222.7"", units_traded_24H = ""167488860.08398361"", acc_trade_value_24H = ""37140555928.6298"", fluctate_24H = ""-6"", fluctate_rate_24H = ""-2.77"")"
"DAI","list(opening_price = ""1275"", closing_price = ""1270"", min_price = ""1267"", max_price = ""1279"", units_traded = ""75907.91864794"", acc_trade_value = ""96479912.3281"", prev_closing_price = ""1279"", units_traded_24H = ""274773.99482391"", acc_trade_value_24H = ""349584675.2095"", fluctate_24H = ""3"", fluctate_rate_24H = ""0.24"")"
"MATIC","list(opening_price = ""1588"", closing_price = ""1582"", min_price = ""1566"", max_price = ""1603"", units_traded = ""515075.98860534"", acc_trade_value = ""815830095.9978"", prev_closing_price = ""1589"", units_traded_24H = ""1029954.89125147"", acc_trade_value_24H = ""1639355308.8939"", fluctate_24H = ""-23"", fluctate_rate_24H = ""-1.43"")"
"WOO","list(opening_price = ""527.8"", closing_price = ""528.6"", min_price = ""523.3"", max_price = ""539.1"", units_traded = ""116799.66757713"", acc_trade_value = ""61827616.7093"", prev_closing_price = ""530"", units_traded_24H = ""462777.52352403"", acc_trade_value_24H = ""247451983.4873"", fluctate_24H = ""-4.5"", fluctate_rate_24H = ""-0.84"")"
"ACH","list(opening_price = ""37.03"", closing_price = ""35.51"", min_price = ""35.4"", max_price = ""37.99"", units_traded = ""4173642.10317866"", acc_trade_value = ""151379970.4915"", prev_closing_price = ""36.91"", units_traded_24H = ""12984694.02479937"", acc_trade_value_24H = ""476142440.4039"", fluctate_24H = ""-1.39"", fluctate_rate_24H = ""-3.77"")"
"VELO","list(opening_price = ""61.2"", closing_price = ""61.6"", min_price = ""60.83"", max_price = ""64.79"", units_traded = ""1808944.47099195"", acc_trade_value = ""113666226.8756"", prev_closing_price = ""61.2"", units_traded_24H = ""3417006.73207756"", acc_trade_value_24H = ""210106684.2043"", fluctate_24H = ""3.6"", fluctate_rate_24H = ""6.21"")"
"BCD","list(opening_price = ""388"", closing_price = ""375"", min_price = ""363.2"", max_price = ""388"", units_traded = ""245642.79910932"", acc_trade_value = ""92540309.7145"", prev_closing_price = ""380.4"", units_traded_24H = ""869543.90330739"", acc_trade_value_24H = ""327610629.4761"", fluctate_24H = ""-11"", fluctate_rate_24H = ""-2.85"")"
"XLM","list(opening_price = ""235.8"", closing_price = ""237.2"", min_price = ""233.6"", max_price = ""238.4"", units_traded = ""63304073.85475699"", acc_trade_value = ""14965631806.1371"", prev_closing_price = ""236.5"", units_traded_24H = ""154389409.73939452"", acc_trade_value_24H = ""36578263696.6033"", fluctate_24H = ""0.9"", fluctate_rate_24H = ""0.38"")"
"VSYS","list(opening_price = ""14.19"", closing_price = ""14.04"", min_price = ""13.95"", max_price = ""14.28"", units_traded = ""2952242.32181944"", acc_trade_value = ""41560502.5459"", prev_closing_price = ""14.07"", units_traded_24H = ""13745021.44287014"", acc_trade_value_24H = ""196226951.2036"", fluctate_24H = ""0.06"", fluctate_rate_24H = ""0.43"")"
"IPX","list(opening_price = ""54.68"", closing_price = ""54.28"", min_price = ""53.52"", max_price = ""54.68"", units_traded = ""484056.85174969"", acc_trade_value = ""26161839.12"", prev_closing_price = ""54.81"", units_traded_24H = ""744170.17366159"", acc_trade_value_24H = ""40313123.0578"", fluctate_24H = ""-0.26"", fluctate_rate_24H = ""-0.48"")"
"WICC","list(opening_price = ""156.4"", closing_price = ""154.1"", min_price = ""154"", max_price = ""156.4"", units_traded = ""21514.24039306"", acc_trade_value = ""3347993.9371"", prev_closing_price = ""156.4"", units_traded_24H = ""142668.12263036"", acc_trade_value_24H = ""21986676.6507"", fluctate_24H = ""0.5"", fluctate_rate_24H = ""0.33"")"
"ONT","list(opening_price = ""645.9"", closing_price = ""657.1"", min_price = ""640"", max_price = ""684.5"", units_traded = ""456384.87305064"", acc_trade_value = ""304102482.597"", prev_closing_price = ""641.3"", units_traded_24H = ""724288.12243702"", acc_trade_value_24H = ""477625744.8559"", fluctate_24H = ""9.3"", fluctate_rate_24H = ""1.44"")"
"LUNA","list(opening_price = ""113400"", closing_price = ""113600"", min_price = ""111400"", max_price = ""115500"", units_traded = ""52125.57105535"", acc_trade_value = ""5898195795.6474"", prev_closing_price = ""113400"", units_traded_24H = ""146874.86540309"", acc_trade_value_24H = ""16802974420.6164"", fluctate_24H = ""-500"", fluctate_rate_24H = ""-0.44"")"
"AION","list(opening_price = ""155.9"", closing_price = ""166.6"", min_price = ""152.7"", max_price = ""169.4"", units_traded = ""4221326.97306119"", acc_trade_value = ""687803554.2177"", prev_closing_price = ""156.8"", units_traded_24H = ""10929703.93060257"", acc_trade_value_24H = ""1733943163.9788"", fluctate_24H = ""6.6"", fluctate_rate_24H = ""4.13"")"
"META","list(opening_price = ""92.85"", closing_price = ""93.5"", min_price = ""92.23"", max_price = ""96.4"", units_traded = ""1330083.07657721"", acc_trade_value = ""125708353.7789"", prev_closing_price = ""92.4"", units_traded_24H = ""4959743.85876434"", acc_trade_value_24H = ""471132589.8482"", fluctate_24H = ""0.32"", fluctate_rate_24H = ""0.34"")"
"KLAY","list(opening_price = ""1067"", closing_price = ""1072"", min_price = ""1055"", max_price = ""1079"", units_traded = ""7731596.80207498"", acc_trade_value = ""8269328018.9479"", prev_closing_price = ""1067"", units_traded_24H = ""20419620.03773811"", acc_trade_value_24H = ""21884432425.0164"", fluctate_24H = ""8"", fluctate_rate_24H = ""0.75"")"
"ONG","list(opening_price = ""871.5"", closing_price = ""887.8"", min_price = ""870.8"", max_price = ""902.6"", units_traded = ""265903.47077734"", acc_trade_value = ""234821806.8046"", prev_closing_price = ""869.2"", units_traded_24H = ""1061142.60234883"", acc_trade_value_24H = ""944884982.319"", fluctate_24H = ""5.7"", fluctate_rate_24H = ""0.65"")"
"ALGO","list(opening_price = ""861.3"", closing_price = ""892.9"", min_price = ""853.5"", max_price = ""910"", units_traded = ""899149.337369"", acc_trade_value = ""792879722.258"", prev_closing_price = ""861.4"", units_traded_24H = ""2296811.010839"", acc_trade_value_24H = ""2006140151.9748"", fluctate_24H = ""42.1"", fluctate_rate_24H = ""4.95"")"
"JST","list(opening_price = ""80.44"", closing_price = ""82.54"", min_price = ""79.62"", max_price = ""84.96"", units_traded = ""6939424.28090241"", acc_trade_value = ""568048907.9677"", prev_closing_price = ""80.49"", units_traded_24H = ""11013906.86502774"", acc_trade_value_24H = ""897913507.7955"", fluctate_24H = ""1.05"", fluctate_rate_24H = ""1.29"")"
"XTZ","list(opening_price = ""3558"", closing_price = ""3544"", min_price = ""3520"", max_price = ""3602"", units_traded = ""19560.389653"", acc_trade_value = ""69868779.7497"", prev_closing_price = ""3555"", units_traded_24H = ""71771.856954"", acc_trade_value_24H = ""257194645.15"", fluctate_24H = ""-37"", fluctate_rate_24H = ""-1.03"")"
"MLK","list(opening_price = ""1002"", closing_price = ""1007"", min_price = ""1002"", max_price = ""1017"", units_traded = ""77242.04795256"", acc_trade_value = ""77982628.9841"", prev_closing_price = ""1002"", units_traded_24H = ""358871.20729772"", acc_trade_value_24H = ""364219866.8697"", fluctate_24H = ""-31"", fluctate_rate_24H = ""-2.99"")"
"WEMIX","list(opening_price = ""3958"", closing_price = ""3990"", min_price = ""3936"", max_price = ""4065"", units_traded = ""625435.85882524"", acc_trade_value = ""2493602587.6581"", prev_closing_price = ""3952"", units_traded_24H = ""1745631.63483416"", acc_trade_value_24H = ""7004973619.3415"", fluctate_24H = ""-25"", fluctate_rate_24H = ""-0.62"")"
"DOT","list(opening_price = ""21710"", closing_price = ""21560"", min_price = ""21400"", max_price = ""22000"", units_traded = ""18261.59588017"", acc_trade_value = ""396714823.6339"", prev_closing_price = ""21690"", units_traded_24H = ""48425.14207477"", acc_trade_value_24H = ""1048528165.5057"", fluctate_24H = ""-80"", fluctate_rate_24H = ""-0.37"")"
"ATOM","list(opening_price = ""26340"", closing_price = ""26500"", min_price = ""26110"", max_price = ""26770"", units_traded = ""29520.8296878"", acc_trade_value = ""781311513.0626"", prev_closing_price = ""26370"", units_traded_24H = ""67871.98585542"", acc_trade_value_24H = ""1811995697.9216"", fluctate_24H = ""-520"", fluctate_rate_24H = ""-1.92"")"
"SSX","list(opening_price = ""57.1"", closing_price = ""57.06"", min_price = ""57.02"", max_price = ""58.32"", units_traded = ""1120026.1491"", acc_trade_value = ""64443440.3824"", prev_closing_price = ""56.67"", units_traded_24H = ""2443552.9392"", acc_trade_value_24H = ""140157556.2001"", fluctate_24H = ""-0.11"", fluctate_rate_24H = ""-0.19"")"
"TEMCO","list(opening_price = ""6.068"", closing_price = ""6.1"", min_price = ""6.001"", max_price = ""6.1"", units_traded = ""2508837.2516"", acc_trade_value = ""15157702.3864"", prev_closing_price = ""6.068"", units_traded_24H = ""9276428.17246114"", acc_trade_value_24H = ""56086293.8394"", fluctate_24H = ""-0.05"", fluctate_rate_24H = ""-0.81"")"
"HIBS","list(opening_price = ""2.61"", closing_price = ""2.636"", min_price = ""2.6"", max_price = ""2.661"", units_traded = ""5036006.60528991"", acc_trade_value = ""13221566.1208"", prev_closing_price = ""2.61"", units_traded_24H = ""22845863.11527386"", acc_trade_value_24H = ""59605460.9908"", fluctate_24H = ""-0.001"", fluctate_rate_24H = ""-0.04"")"
"BURGER","list(opening_price = ""1613"", closing_price = ""1658"", min_price = ""1590"", max_price = ""1690"", units_traded = ""56822.00555469"", acc_trade_value = ""93762357.249"", prev_closing_price = ""1613"", units_traded_24H = ""94920.03334708"", acc_trade_value_24H = ""155073318.0685"", fluctate_24H = ""62"", fluctate_rate_24H = ""3.88"")"
"DOGE","list(opening_price = ""175.4"", closing_price = ""175.2"", min_price = ""173.1"", max_price = ""177.9"", units_traded = ""21692466.70146264"", acc_trade_value = ""3803560422.4459"", prev_closing_price = ""176"", units_traded_24H = ""59722187.0170593"", acc_trade_value_24H = ""10556261489.3498"", fluctate_24H = ""-4.5"", fluctate_rate_24H = ""-2.50"")"
"KSM","list(opening_price = ""202700"", closing_price = ""200600"", min_price = ""198800"", max_price = ""203500"", units_traded = ""64.56040861"", acc_trade_value = ""13030256.5499"", prev_closing_price = ""201300"", units_traded_24H = ""726.0790417"", acc_trade_value_24H = ""146598684.0699"", fluctate_24H = ""-500"", fluctate_rate_24H = ""-0.25"")"
"CTK","list(opening_price = ""1424"", closing_price = ""1440"", min_price = ""1422"", max_price = ""1450"", units_traded = ""18834.02735406"", acc_trade_value = ""27028367.8529"", prev_closing_price = ""1418"", units_traded_24H = ""73979.79753083"", acc_trade_value_24H = ""106648318.12"", fluctate_24H = ""-10"", fluctate_rate_24H = ""-0.69"")"
"XYM","list(opening_price = ""127"", closing_price = ""127.5"", min_price = ""126.5"", max_price = ""129.7"", units_traded = ""86685.87002979"", acc_trade_value = ""11074179.8301"", prev_closing_price = ""128.2"", units_traded_24H = ""1237885.36419565"", acc_trade_value_24H = ""161707092.887"", fluctate_24H = ""-1"", fluctate_rate_24H = ""-0.78"")"
"BNB","list(opening_price = ""512500"", closing_price = ""518500"", min_price = ""511000"", max_price = ""520500"", units_traded = ""1243.75063364"", acc_trade_value = ""642443342.0375"", prev_closing_price = ""512500"", units_traded_24H = ""4162.93080422"", acc_trade_value_24H = ""2118555750.3134"", fluctate_24H = ""20800"", fluctate_rate_24H = ""4.18"")"
"NFT","list(opening_price = ""0.0019"", closing_price = ""0.002"", min_price = ""0.0019"", max_price = ""0.002"", units_traded = ""16395006336.5797"", acc_trade_value = ""31879935.0201"", prev_closing_price = ""0.002"", units_traded_24H = ""53870407245.6822"", acc_trade_value_24H = ""104661487.4225"", fluctate_24H = ""0.0001"", fluctate_rate_24H = ""5.26"")"
"SUN","list(opening_price = ""17.5"", closing_price = ""17.38"", min_price = ""17.05"", max_price = ""18.04"", units_traded = ""13307384.35845402"", acc_trade_value = ""231264440.0378"", prev_closing_price = ""17.47"", units_traded_24H = ""30772855.23626659"", acc_trade_value_24H = ""541148726.2931"", fluctate_24H = ""-0.17"", fluctate_rate_24H = ""-0.97"")"
"XEC","list(opening_price = ""0.1021"", closing_price = ""0.1029"", min_price = ""0.1013"", max_price = ""0.1048"", units_traded = ""4109476488.66495913"", acc_trade_value = ""422862066.8826"", prev_closing_price = ""0.102"", units_traded_24H = ""11099471997.30363937"", acc_trade_value_24H = ""1144173016.9816"", fluctate_24H = ""-0.0003"", fluctate_rate_24H = ""-0.29"")"
"PCI","list(opening_price = ""809.8"", closing_price = ""805"", min_price = ""799"", max_price = ""813.5"", units_traded = ""305160.77615191"", acc_trade_value = ""245211885.7447"", prev_closing_price = ""809.8"", units_traded_24H = ""698577.57730159"", acc_trade_value_24H = ""561782031.1639"", fluctate_24H = ""-1.8"", fluctate_rate_24H = ""-0.22"")"
"SOL","list(opening_price = ""124900"", closing_price = ""125100"", min_price = ""123400"", max_price = ""127100"", units_traded = ""17831.64756272"", acc_trade_value = ""2232597701.4676"", prev_closing_price = ""124700"", units_traded_24H = ""40060.77662955"", acc_trade_value_24H = ""5036766418.6142"", fluctate_24H = ""-1000"", fluctate_rate_24H = ""-0.79"")"
"EGLD","list(opening_price = ""189000"", closing_price = ""186300"", min_price = ""186000"", max_price = ""192000"", units_traded = ""1933.00578804"", acc_trade_value = ""363714582.6999"", prev_closing_price = ""188400"", units_traded_24H = ""4270.22144923"", acc_trade_value_24H = ""807298740.3899"", fluctate_24H = ""-4400"", fluctate_rate_24H = ""-2.31"")"
"GO","list(opening_price = ""26.35"", closing_price = ""26.67"", min_price = ""26.35"", max_price = ""27.17"", units_traded = ""379161.65600178"", acc_trade_value = ""10134203.2531"", prev_closing_price = ""26.34"", units_traded_24H = ""1670429.78499651"", acc_trade_value_24H = ""44977633.5723"", fluctate_24H = ""-0.91"", fluctate_rate_24H = ""-3.3"")"
"DFA","list(opening_price = ""786.4"", closing_price = ""779.7"", min_price = ""777.2"", max_price = ""790"", units_traded = ""2418856.87088001"", acc_trade_value = ""1891707313.3043"", prev_closing_price = ""786.5"", units_traded_24H = ""6161461.61644118"", acc_trade_value_24H = ""4798794306.2605"", fluctate_24H = ""16.2"", fluctate_rate_24H = ""2.12"")"
"C98","list(opening_price = ""1656"", closing_price = ""1710"", min_price = ""1630"", max_price = ""1760"", units_traded = ""125021.74675366"", acc_trade_value = ""212719927.8396"", prev_closing_price = ""1653"", units_traded_24H = ""139772.49908791"", acc_trade_value_24H = ""237339518.8757"", fluctate_24H = ""49"", fluctate_rate_24H = ""2.95"")"
"MED","list(opening_price = ""52.31"", closing_price = ""52.53"", min_price = ""51.93"", max_price = ""53.94"", units_traded = ""156603.71079673"", acc_trade_value = ""8255668.0999"", prev_closing_price = ""52.2"", units_traded_24H = ""565957.49214146"", acc_trade_value_24H = ""29821420.9871"", fluctate_24H = ""0.3"", fluctate_rate_24H = ""0.57"")"
"1INCH","list(opening_price = ""1677"", closing_price = ""1653"", min_price = ""1652"", max_price = ""1700"", units_traded = ""17467.73217314"", acc_trade_value = ""29236991.6692"", prev_closing_price = ""1666"", units_traded_24H = ""75073.46079326"", acc_trade_value_24H = ""126161196.8271"", fluctate_24H = ""-19"", fluctate_rate_24H = ""-1.14"")"
"BOBA","list(opening_price = ""1411"", closing_price = ""1436"", min_price = ""1403"", max_price = ""1448"", units_traded = ""115464.78557325"", acc_trade_value = ""165119173.4919"", prev_closing_price = ""1409"", units_traded_24H = ""279036.9456008"", acc_trade_value_24H = ""394695149.5052"", fluctate_24H = ""2"", fluctate_rate_24H = ""0.14"")"
"GALA","list(opening_price = ""215.2"", closing_price = ""216.9"", min_price = ""213.2"", max_price = ""219.1"", units_traded = ""2095944.68206964"", acc_trade_value = ""453709898.9044"", prev_closing_price = ""215.1"", units_traded_24H = ""5508021.36938711"", acc_trade_value_24H = ""1196905441.9245"", fluctate_24H = ""-0.5"", fluctate_rate_24H = ""-0.23"")"
"BTT","list(opening_price = ""0.0022"", closing_price = ""0.0022"", min_price = ""0.0022"", max_price = ""0.0023"", units_traded = ""13909857229.82597391"", acc_trade_value = ""31222595.2685"", prev_closing_price = ""0.0023"", units_traded_24H = ""45066592384.69615652"", acc_trade_value_24H = ""101571675.6176"", fluctate_24H = ""0"", fluctate_rate_24H = ""0.00"")"
"EFI","list(opening_price = ""477.9"", closing_price = ""500.2"", min_price = ""477.9"", max_price = ""503"", units_traded = ""184841.5899032"", acc_trade_value = ""90057365.7964"", prev_closing_price = ""477.9"", units_traded_24H = ""390912.1795032"", acc_trade_value_24H = ""189526886.0811"", fluctate_24H = ""15.1"", fluctate_rate_24H = ""3.11"")"
"TITAN","list(opening_price = ""4025"", closing_price = ""3986"", min_price = ""3955"", max_price = ""4050"", units_traded = ""242395.8784"", acc_trade_value = ""970467042.6521"", prev_closing_price = ""4011"", units_traded_24H = ""603239.6443786"", acc_trade_value_24H = ""2425363885.3953"", fluctate_24H = ""-74"", fluctate_rate_24H = ""-1.82"")"
"CSPR","list(opening_price = ""84.7"", closing_price = ""84.61"", min_price = ""83.45"", max_price = ""85.98"", units_traded = ""839168.85072571"", acc_trade_value = ""70522342.8808"", prev_closing_price = ""84.8"", units_traded_24H = ""2866934.41085909"", acc_trade_value_24H = ""245085674.3452"", fluctate_24H = ""-2.63"", fluctate_rate_24H = ""-3.01"")"
"AVAX","list(opening_price = ""87200"", closing_price = ""85800"", min_price = ""85100"", max_price = ""88400"", units_traded = ""6175.00974344"", acc_trade_value = ""531524639.0749"", prev_closing_price = ""87350"", units_traded_24H = ""10479.4248416"", acc_trade_value_24H = ""911126285.5749"", fluctate_24H = ""-3100"", fluctate_rate_24H = ""-3.49"")"
"TDROP","list(opening_price = ""27.75"", closing_price = ""29.56"", min_price = ""27.75"", max_price = ""31.53"", units_traded = ""21361186.81045518"", acc_trade_value = ""629069451.4933"", prev_closing_price = ""27.67"", units_traded_24H = ""32329641.38740122"", acc_trade_value_24H = ""938491359.0269"", fluctate_24H = ""2.24"", fluctate_rate_24H = ""8.2"")"
"SPRT","list(opening_price = ""1028"", closing_price = ""1012"", min_price = ""1003"", max_price = ""1043"", units_traded = ""826827.95678579"", acc_trade_value = ""840403641.4877"", prev_closing_price = ""1030"", units_traded_24H = ""2916609.56799724"", acc_trade_value_24H = ""2974817751.0297"", fluctate_24H = ""19.1"", fluctate_rate_24H = ""1.92"")"
"NPT","list(opening_price = ""7680"", closing_price = ""7860"", min_price = ""7680"", max_price = ""8300"", units_traded = ""47351.52689224"", acc_trade_value = ""380246844.0625"", prev_closing_price = ""7680"", units_traded_24H = ""66693.55123514"", acc_trade_value_24H = ""529261771.314"", fluctate_24H = ""-155"", fluctate_rate_24H = ""-1.93"")"
"REI","list(opening_price = ""166.3"", closing_price = ""165"", min_price = ""163.3"", max_price = ""169.1"", units_traded = ""431124.96486248"", acc_trade_value = ""70886429.7813"", prev_closing_price = ""165"", units_traded_24H = ""1206028.84982565"", acc_trade_value_24H = ""200899722.7256"", fluctate_24H = ""1.5"", fluctate_rate_24H = ""0.92"")"
"T","list(opening_price = ""127.9"", closing_price = ""128.8"", min_price = ""127.1"", max_price = ""131.7"", units_traded = ""3021910.37506133"", acc_trade_value = ""391028772.5085"", prev_closing_price = ""127.5"", units_traded_24H = ""17617614.14978732"", acc_trade_value_24H = ""2305291848.317"", fluctate_24H = ""6"", fluctate_rate_24H = ""4.89"")"
